no,Day,tanggalformat,Jumlah_Kasus_Baru_per_Hari,retail_and_recreation,grocery_and_pharmacy,residential,transit_stations,parks,workplaces
1,3/2/2020,2020/03/02,2,0.286,3.571,0.714,0.857,-4.571,3.429
2,3/3/2020,2020/03/03,0,1.429,5.286,0.286,2,-4,4.429
3,3/4/2020,2020/03/04,0,1.714,6,0.429,1.857,-4.286,4.571
4,3/5/2020,2020/03/05,0,2.286,6.857,0.429,2,-4,4.571
5,3/6/2020,2020/03/06,2,2.429,7,0.429,2,-3.714,4.714
6,3/7/2020,2020/03/07,0,2.571,7,0.429,1.857,-3.286,4.714
7,3/8/2020,2020/03/08,2,2.571,6.857,0.429,1.714,-2.714,4.857
8,3/9/2020,2020/03/09,13,2.143,5.571,0.571,1.429,-2.857,4.857
9,3/10/2020,2020/03/10,8,2.143,5,0.714,1.286,-2.286,4.714
10,3/11/2020,2020/03/11,7,2.571,5.143,0.714,1.571,-1.286,4.714
11,3/12/2020,2020/03/12,0,2.286,4.429,0.857,1.286,-1.143,4.714
12,3/13/2020,2020/03/13,35,2.286,4.286,0.857,1,-1,4.714
13,3/14/2020,2020/03/14,27,1.571,3.857,1,-0.143,-1.286,4.571
14,3/15/2020,2020/03/15,21,0.429,3.714,1.286,-1.714,-2.429,4.571
15,3/16/2020,2020/03/16,17,-0.857,3.571,1.857,-3.571,-3.429,2.714
16,3/17/2020,2020/03/17,38,-2.571,2.857,2.571,-6,-5.143,0.286
17,3/18/2020,2020/03/18,55,-4.571,2.143,3.571,-9.143,-7.143,-2.571
18,3/19/2020,2020/03/19,82,-7.143,1,4.714,-13,-9.571,-5.571
19,3/20/2020,2020/03/20,60,-10.143,-0.429,6,-17.571,-12.286,-9
20,3/21/2020,2020/03/21,81,-13.143,-1.571,7.143,-21.571,-15.714,-11.286
21,3/22/2020,2020/03/22,64,-16.714,-4.143,8.143,-25.857,-19.571,-12.857
22,3/23/2020,2020/03/23,65,-19.571,-6.143,9.286,-30,-22,-15.571
23,3/24/2020,2020/03/24,106,-22.429,-7.857,10.286,-33.714,-24.286,-18.143
24,3/25/2020,2020/03/25,105,-26.286,-10.714,12.143,-38.143,-27,-24.286
25,3/26/2020,2020/03/26,103,-28.857,-12.429,13,-41,-28.857,-26.714
26,3/27/2020,2020/03/27,153,-31.286,-13.857,13.857,-43.571,-30.714,-28.857
27,3/28/2020,2020/03/28,109,-34,-16,14.714,-46,-33,-30.571
28,3/29/2020,2020/03/29,130,-36.143,-17.714,15.429,-47.714,-34.857,-31.714
29,3/30/2020,2020/03/30,129,-37.429,-18.857,15.857,-49.143,-35.857,-32.714
30,3/31/2020,2020/03/31,114,-38.286,-19.571,16.143,-50.143,-36.714,-33.286
31,4/1/2020,2020/04/01,149,-37.286,-18.143,15.286,-49.714,-36.286,-29.857
32,4/2/2020,2020/04/02,113,-37.143,-17.571,15.429,-50.286,-36.143,-30
33,4/3/2020,2020/04/03,196,-37,-17.571,15.571,-50.857,-36.143,-30.143
34,4/4/2020,2020/04/04,106,-36.714,-17.571,15.571,-51.429,-36,-30.429
35,4/5/2020,2020/04/05,181,-36.143,-17.143,15.429,-52,-35.714,-30.714
36,4/6/2020,2020/04/06,218,-35.857,-17.143,15.429,-52.429,-35.571,-30.714
37,4/7/2020,2020/04/07,247,-35.571,-17.143,15.429,-52.714,-35.286,-30.714
38,4/8/2020,2020/04/08,218,-36,-18.143,15.429,-53.143,-35.571,-30.857
39,4/9/2020,2020/04/09,337,-35.714,-18.143,15.286,-53.143,-35.429,-30.857
40,4/10/2020,2020/04/10,219,-36.857,-19.714,16.286,-54.714,-35.857,-34.571
41,4/11/2020,2020/04/11,330,-37.286,-20.286,16.571,-55.429,-36,-35.286
42,4/12/2020,2020/04/12,399,-37.714,-20.714,16.714,-55.857,-36,-35.286
43,4/13/2020,2020/04/13,316,-37.571,-20.571,16.857,-56.143,-35.714,-35.429
44,4/14/2020,2020/04/14,282,-37.714,-21,17,-56.571,-35.571,-35.571
45,4/15/2020,2020/04/15,297,-37.857,-21.286,17.286,-57,-35.429,-35.571
46,4/16/2020,2020/04/16,380,-38.286,-22,17.571,-57.857,-35.571,-35.714
47,4/17/2020,2020/04/17,407,-37.571,-21.286,16.714,-57,-35.286,-32.143
48,4/18/2020,2020/04/18,325,-37.571,-21.429,16.429,-56.857,-35.286,-31.286
49,4/19/2020,2020/04/19,327,-37.429,-21.286,16.286,-56.714,-35.143,-30.857
50,4/20/2020,2020/04/20,185,-37.571,-21.286,16.143,-56.714,-35.143,-30.714
51,4/21/2020,2020/04/21,375,-37.714,-21.286,16.143,-56.857,-35.429,-30.714
52,4/22/2020,2020/04/22,283,-37.571,-20.857,15.857,-56.571,-35.286,-30.714
53,4/23/2020,2020/04/23,357,-37.286,-19.714,15.571,-55.714,-35.143,-30.857
54,4/24/2020,2020/04/24,436,-38.857,-20.714,16.143,-56.571,-36.571,-32
55,4/25/2020,2020/04/25,396,-39.857,-21.286,16.714,-57.429,-37.571,-32.857
56,4/26/2020,2020/04/26,275,-41,-22.429,17.286,-58.571,-38.857,-33.429
57,4/27/2020,2020/04/27,214,-42.286,-23.714,17.714,-59.429,-40.143,-33.714
58,4/28/2020,2020/04/28,415,-43.429,-24.714,18,-60.286,-41.143,-34
59,4/29/2020,2020/04/29,260,-44.571,-25.857,18.429,-61.286,-42.286,-34.143
60,4/30/2020,2020/04/30,347,-45.714,-27.143,18.857,-62.429,-43.286,-34
61,5/1/2020,2020/05/01,433,-45,-26.143,19.286,-62.857,-42.857,-36.286
62,5/2/2020,2020/05/02,292,-44.429,-25.429,19.143,-62.571,-42.429,-36
63,5/3/2020,2020/05/03,349,-43.714,-24.571,19,-62.143,-42,-35.429
64,5/4/2020,2020/05/04,395,-43,-23.571,18.857,-61.857,-41.429,-35.286
65,5/5/2020,2020/05/05,484,-42.429,-22.571,18.857,-61.429,-40.857,-35
66,5/6/2020,2020/05/06,367,-41.857,-21.714,18.857,-61.143,-40.429,-34.857
67,5/7/2020,2020/05/07,338,-42.429,-21.571,19.714,-61.714,-40.714,-38
68,5/8/2020,2020/05/08,336,-42.429,-21,18.857,-60.571,-40.571,-34.571
69,5/9/2020,2020/05/09,533,-42.714,-20.714,18.714,-60.143,-40.857,-34.286
70,5/10/2020,2020/05/10,387,-42.714,-20,18.571,-59.714,-40.714,-34
71,5/11/2020,2020/05/11,233,-42.857,-19.286,18.571,-59.143,-41,-33.857
72,5/12/2020,2020/05/12,484,-42.714,-18.429,18.571,-58.571,-40.857,-33.714
73,5/13/2020,2020/05/13,689,-42.571,-17.571,18.429,-58,-40.714,-33.429
74,5/14/2020,2020/05/14,568,-41.429,-16.429,17.429,-56.714,-40,-30
75,5/15/2020,2020/05/15,490,-40.286,-15,17,-56,-39,-29.571
76,5/16/2020,2020/05/16,529,-38.714,-13,16.714,-55.143,-37.714,-29
77,5/17/2020,2020/05/17,489,-37.571,-11.571,16.571,-54.429,-37.143,-28.429
78,5/18/2020,2020/05/18,496,-36.714,-10.714,16.429,-54.143,-36.571,-28.286
79,5/19/2020,2020/05/19,486,-35.429,-8.714,16.143,-53.286,-35.714,-28.143
80,5/20/2020,2020/05/20,693,-33.857,-6.571,16,-52.286,-34.571,-28.143
81,5/21/2020,2020/05/21,973,-32.143,-3.429,16.429,-51.429,-33,-31.429
82,5/22/2020,2020/05/22,634,-30.857,-1.143,16.857,-50.714,-31.857,-33.429
83,5/23/2020,2020/05/23,949,-30.571,0.857,17,-50.143,-30.857,-35.857
84,5/24/2020,2020/05/24,526,-32.143,-1.571,16,-50.429,-30.143,-38.143
85,5/25/2020,2020/05/25,479,-33.143,-2.571,16.286,-51.143,-27.857,-43.429
86,5/26/2020,2020/05/26,415,-34.143,-4.429,16.286,-52,-26.857,-45.429
87,5/27/2020,2020/05/27,686,-35,-6,16.286,-52.857,-26.286,-46.571
88,5/28/2020,2020/05/28,687,-36.143,-8.857,15.714,-53.571,-26.571,-43.857
89,5/29/2020,2020/05/29,678,-37,-11.429,15.429,-54.429,-27.143,-42.286
90,5/30/2020,2020/05/30,557,-37.286,-13.857,15.143,-55,-27.286,-40
91,5/31/2020,2020/05/31,700,-35.286,-11.429,15.714,-54.286,-26.286,-37.286
92,6/1/2020,2020/06/01,467,-33.571,-10,15.857,-53.571,-26.429,-35.286
93,6/2/2020,2020/06/02,609,-32.286,-8.857,15.429,-52.429,-26.714,-32.429
94,6/3/2020,2020/06/03,684,-31.571,-8.286,15.143,-51.571,-26.857,-30.571
95,6/4/2020,2020/06/04,585,-30.857,-7.857,14.857,-50.857,-26.714,-29.143
96,6/5/2020,2020/06/05,703,-30.429,-7.571,14.571,-50.143,-26.571,-27.857
97,6/6/2020,2020/06/06,993,-29.571,-7.143,14.429,-49.429,-26.143,-26.857
98,6/7/2020,2020/06/07,672,-28.857,-6.714,14.286,-48.857,-25.429,-26.571
99,6/8/2020,2020/06/08,847,-28.286,-6.571,13.286,-47.714,-26.143,-22
100,6/9/2020,2020/06/09,1043,-28.143,-7,13.286,-47.429,-26.143,-21.571
101,6/10/2020,2020/06/10,1240,-27.714,-7,13.143,-46.857,-25.857,-21
102,6/11/2020,2020/06/11,979,-27.143,-7,13.143,-46.429,-25.571,-20.571
103,6/12/2020,2020/06/12,1111,-26.571,-7,13,-45.857,-25.143,-20.143
104,6/13/2020,2020/06/13,1014,-26.143,-7,12.857,-45.286,-24.571,-19.857
105,6/14/2020,2020/06/14,857,-25.714,-7,12.714,-44.714,-23.714,-19.571
106,6/15/2020,2020/06/15,1017,-25.286,-7,12.714,-44.143,-23.571,-19.429
107,6/16/2020,2020/06/16,1106,-24.714,-6.714,12.571,-43.571,-23.143,-19.286
108,6/17/2020,2020/06/17,1031,-24.429,-6.857,12.429,-43.143,-23.143,-19.143
109,6/18/2020,2020/06/18,1331,-24.286,-7.143,12.143,-42.714,-23.286,-19
110,6/19/2020,2020/06/19,1041,-24,-7.286,12,-42.286,-23.286,-19
111,6/20/2020,2020/06/20,1226,-23.571,-7.143,11.714,-41.857,-23,-18.857
112,6/21/2020,2020/06/21,862,-23.429,-7.286,11.714,-41.429,-22.857,-18.857
113,6/22/2020,2020/06/22,954,-23.429,-7.571,11.714,-41.286,-22.714,-19.143
114,6/23/2020,2020/06/23,1051,-23.429,-7.857,11.714,-41.143,-22.714,-19.429
115,6/24/2020,2020/06/24,1113,-23.429,-8.143,11.714,-41,-22.571,-19.571
116,6/25/2020,2020/06/25,1178,-23.286,-7.714,11.714,-40.714,-22.143,-19.714
117,6/26/2020,2020/06/26,1240,-23.143,-7.286,11.714,-40.286,-21.857,-19.714
118,6/27/2020,2020/06/27,1385,-22.857,-7,11.714,-39.714,-21.286,-19.857
119,6/28/2020,2020/06/28,1198,-22.571,-6.571,11.571,-39.286,-20.571,-19.857
120,6/29/2020,2020/06/29,1082,-22.286,-6.143,11.429,-39,-20,-19.714
121,6/30/2020,2020/06/30,1293,-21.571,-5.143,11.286,-38.714,-19.571,-19.429
122,7/1/2020,2020/07/01,1385,-20.714,-3.857,11.143,-38.286,-19,-19.286
123,7/2/2020,2020/07/02,1624,-20.143,-3.429,11.143,-37.857,-18.714,-19.286
124,7/3/2020,2020/07/03,1301,-19.429,-2.714,11,-37.429,-18,-19.286
125,7/4/2020,2020/07/04,1447,-18.714,-2.143,10.857,-37,-17.143,-19.429
126,7/5/2020,2020/07/05,1607,-17.857,-1.286,10.714,-36.286,-16.143,-19.571
127,7/6/2020,2020/07/06,1209,-17.714,-1.143,10.714,-36,-16.429,-19.714
128,7/7/2020,2020/07/07,1268,-17.286,-1,10.714,-35.429,-16,-19.857
129,7/8/2020,2020/07/08,1853,-17.286,-1.571,10.714,-35.143,-16,-19.857
130,7/9/2020,2020/07/09,2657,-17.143,-1.571,10.714,-34.857,-15.857,-19.714
131,7/10/2020,2020/07/10,1611,-17.143,-1.857,10.714,-34.714,-15.857,-19.571
132,7/11/2020,2020/07/11,1671,-17.286,-2,10.714,-34.571,-16,-19.143
133,7/12/2020,2020/07/12,1681,-17.286,-2.286,10.857,-34.714,-16.286,-19
134,7/13/2020,2020/07/13,1282,-17,-2.286,10.857,-34.714,-16.143,-18.571
135,7/14/2020,2020/07/14,1591,-17.571,-3.143,11,-35.143,-16.857,-18.286
136,7/15/2020,2020/07/15,1522,-17.714,-3.429,11.143,-35.429,-17.286,-18
137,7/16/2020,2020/07/16,1574,-17.857,-3.714,11.143,-35.571,-17.571,-17.714
138,7/17/2020,2020/07/17,1462,-18,-4,11.286,-35.857,-17.857,-17.571
139,7/18/2020,2020/07/18,1752,-18,-4.286,11.429,-36.286,-18.143,-17.429
140,7/19/2020,2020/07/19,1639,-18.143,-4.571,11.429,-36.571,-18.429,-17.286
141,7/20/2020,2020/07/20,1693,-18.143,-4.571,11.429,-36.571,-18.429,-17.286
142,7/21/2020,2020/07/21,1655,-18.143,-4.714,11.429,-36.571,-18.429,-17.286
143,7/22/2020,2020/07/22,1882,-18.286,-5,11.429,-36.714,-18.429,-17.286
144,7/23/2020,2020/07/23,1906,-18.571,-5.286,11.429,-37,-18.571,-17.286
145,7/24/2020,2020/07/24,1761,-18.571,-5.286,11.429,-36.857,-18.286,-17.143
146,7/25/2020,2020/07/25,1868,-18.429,-5,11.429,-36.429,-18.143,-17.286
147,7/26/2020,2020/07/26,1492,-18.429,-4.857,11.571,-36.286,-18.143,-17.286
148,7/27/2020,2020/07/27,1525,-18.429,-4.714,11.571,-36.143,-17.857,-17.286
149,7/28/2020,2020/07/28,1748,-18.143,-4,11.571,-35.714,-17.429,-17.286
150,7/29/2020,2020/07/29,2381,-17.571,-2.714,11.571,-34.714,-16.714,-17.571
151,7/30/2020,2020/07/30,1904,-15.857,0.571,11.143,-32.286,-14.429,-18.143
152,7/31/2020,2020/07/31,2040,-17.286,-0.429,11.857,-33.429,-12,-24.143
153,8/1/2020,2020/08/01,1560,-17.857,-0.429,11.857,-34,-10.286,-26.143
154,8/2/2020,2020/08/02,1519,-17.714,0.143,11.429,-32.857,-8.857,-26.857
155,8/3/2020,2020/08/03,1679,-17.286,0.857,11.286,-32.143,-7.571,-27.143
156,8/4/2020,2020/08/04,1922,-17,1.286,11.143,-31.857,-6.714,-27.286
157,8/5/2020,2020/08/05,1815,-16.857,1.143,11,-32.143,-6.143,-27.286
158,8/6/2020,2020/08/06,1882,-17.714,-1,11.286,-33.857,-7,-27
159,8/7/2020,2020/08/07,2473,-15.714,0.714,10.286,-32.143,-8.286,-21.143
160,8/8/2020,2020/08/08,2277,-14.714,1.143,10,-31,-8.857,-19.143
161,8/9/2020,2020/08/09,1893,-14.286,1,10,-31.429,-9.143,-18.571
162,8/10/2020,2020/08/10,1687,-14,1,9.857,-31.571,-9.143,-18.286
163,8/11/2020,2020/08/11,1693,-14.143,0.429,9.857,-31.714,-9.571,-18.143
164,8/12/2020,2020/08/12,1942,-14,0.286,9.714,-31.714,-9.429,-18
165,8/13/2020,2020/08/13,2098,-14.286,-0.429,9.714,-31.857,-9.571,-17.857
166,8/14/2020,2020/08/14,2307,-14.143,-0.429,9.714,-31.571,-9.714,-17.857
167,8/15/2020,2020/08/15,2345,-14,-0.286,9.571,-30.857,-9.571,-17.857
168,8/16/2020,2020/08/16,2081,-13.714,0,9.571,-30.571,-8.143,-17.857
169,8/17/2020,2020/08/17,1821,-13.714,-0.571,10.429,-31.286,-2.714,-22.857
170,8/18/2020,2020/08/18,1673,-13.571,-0.286,10.286,-31.143,-1.714,-22.714
171,8/19/2020,2020/08/19,1902,-13.429,0.143,10.143,-30.571,-0.714,-22.571
172,8/20/2020,2020/08/20,2266,-13,0.571,10.857,-30.571,3.143,-26.857
173,8/21/2020,2020/08/21,2197,-13.143,0.286,11.286,-31.571,4.857,-29.143
174,8/22/2020,2020/08/22,2090,-13.714,-0.714,11.571,-32.857,5.571,-29.286
175,8/23/2020,2020/08/23,2037,-14.571,-1.714,11.714,-33.143,4.286,-29
176,8/24/2020,2020/08/24,1877,-15,-1.857,11,-32.571,-1.429,-23.714
177,8/25/2020,2020/08/25,2447,-15,-1.857,11.143,-32.714,-1.857,-23.571
178,8/26/2020,2020/08/26,2306,-15.429,-2.429,11.429,-33.429,-2.857,-23.429
179,8/27/2020,2020/08/27,2719,-15.571,-2.286,10.714,-33.286,-6.429,-18.857
180,8/28/2020,2020/08/28,3003,-15.571,-1.857,10.286,-32.571,-8.143,-16.286
181,8/29/2020,2020/08/29,3308,-15.143,-1,10.286,-32.143,-9,-15.714
182,8/30/2020,2020/08/30,2858,-14.286,0.143,10.143,-32.143,-8.429,-15.571
183,8/31/2020,2020/08/31,2743,-14,0.857,10.143,-32.143,-8.286,-15.571
184,9/1/2020,2020/09/01,2775,-13.571,1.714,10.143,-32,-8.143,-15.571
185,9/2/2020,2020/09/02,3075,-13.286,2.143,10.143,-31.857,-8.143,-15.714
186,9/3/2020,2020/09/03,3622,-13.286,2.143,10.143,-31.857,-8.571,-15.857
187,9/4/2020,2020/09/04,3269,-13,2.286,10.286,-31.857,-8.429,-16
188,9/5/2020,2020/09/05,3128,-12.714,2.571,10.286,-31.857,-8,-16.429
189,9/6/2020,2020/09/06,3444,-12.571,2.714,10.429,-31.857,-7.571,-16.857
190,9/7/2020,2020/09/07,2880,-12.429,2.714,10.429,-31.857,-7.429,-17.143
191,9/8/2020,2020/09/08,3046,-12.571,2.143,10.429,-32,-7.286,-17.429
192,9/9/2020,2020/09/09,3307,-12.714,1.857,10.429,-32.143,-7.143,-17.429
193,9/10/2020,2020/09/10,3861,-12.714,1.714,10.286,-32.143,-6.714,-17.429
194,9/11/2020,2020/09/11,3737,-12.857,1.143,10,-32.143,-6.571,-17.571
195,9/12/2020,2020/09/12,3806,-13,0.571,9.857,-32.143,-6.571,-17.571
196,9/13/2020,2020/09/13,3636,-13.429,-0.286,9.857,-32.286,-7.286,-17.714
197,9/14/2020,2020/09/14,3141,-14.143,-1.286,10,-33.429,-7.857,-17.714
198,9/15/2020,2020/09/15,3507,-14.857,-2.286,10.286,-34.571,-8.429,-17.714
199,9/16/2020,2020/09/16,3963,-15.143,-2.714,10.571,-35.429,-8.286,-17.857
200,9/17/2020,2020/09/17,3635,-15.571,-3.286,11,-36.429,-8.429,-18
201,9/18/2020,2020/09/18,3891,-16.286,-3.714,11.571,-37.571,-9,-18
202,9/19/2020,2020/09/19,4168,-17,-4,12,-38.857,-9.714,-18
203,9/20/2020,2020/09/20,3989,-18,-4.714,12.571,-40.429,-10.857,-18.143
204,9/21/2020,2020/09/21,4176,-18.429,-5,12.857,-40.429,-11.571,-18.286
205,9/22/2020,2020/09/22,4071,-19.143,-5.429,13,-40.429,-12.429,-18.571
206,9/23/2020,2020/09/23,4465,-20.286,-6,13.143,-40.429,-13.429,-18.857
207,9/24/2020,2020/09/24,4634,-21.286,-6.571,13.286,-40.286,-14.143,-19.143
208,9/25/2020,2020/09/25,4823,-22,-6.571,13.429,-40,-14.571,-19.571
209,9/26/2020,2020/09/26,4494,-22.714,-6.714,13.571,-39.571,-15,-19.857
210,9/27/2020,2020/09/27,3874,-23,-6.571,13.571,-38.857,-14.714,-20.286
211,9/28/2020,2020/09/28,3509,-23.286,-6.143,13.571,-38.429,-14.286,-20.429
212,9/29/2020,2020/09/29,4002,-23.286,-5.571,13.571,-37.857,-13.857,-20.429
213,9/30/2020,2020/09/30,4284,-22.857,-4.429,13.143,-37.286,-13.571,-20.571
214,10/1/2020,2020/10/01,4174,-22.429,-2.714,12.429,-36.714,-13.286,-20.714
215,10/2/2020,2020/10/02,4317,-21.857,-1.714,11.571,-36.286,-12.714,-20.857
216,10/3/2020,2020/10/03,4007,-21.143,-0.714,10.857,-35.714,-12.143,-21.429
217,10/4/2020,2020/10/04,3992,-20.286,0.571,10,-34.857,-11.286,-22.286
218,10/5/2020,2020/10/05,3622,-19.714,1.429,9.143,-34.429,-10.857,-22.714
219,10/6/2020,2020/10/06,4056,-19.286,2,8.286,-34.143,-10.286,-23.143
220,10/7/2020,2020/10/07,4538,-19,1.857,8,-34.143,-9.714,-23.143
221,10/8/2020,2020/10/08,4850,-18.714,1.143,8.286,-33.857,-8.571,-23
222,10/9/2020,2020/10/09,4094,-18.714,0.429,8.857,-34.143,-8.429,-22.714
223,10/10/2020,2020/10/10,4294,-19.143,-0.571,9.429,-34.571,-9,-22.143
224,10/11/2020,2020/10/11,4497,-19,-0.857,9.857,-34.857,-8.714,-21.143
225,10/12/2020,2020/10/12,3267,-19,-1.286,10.429,-34.857,-8.286,-20.571
226,10/13/2020,2020/10/13,3906,-19,-1.571,11.143,-35.143,-7.857,-20.143
227,10/14/2020,2020/10/14,4127,-18.714,-1.714,11.571,-35.143,-7.714,-19.714
228,10/15/2020,2020/10/15,4411,-18.429,-1.429,11.857,-35.143,-8.429,-19.429
229,10/16/2020,2020/10/16,4301,-18.429,-1.286,12,-34.714,-8.571,-19.286
230,10/17/2020,2020/10/17,4301,-17.714,-0.286,11.857,-33.857,-7.714,-19.143
231,10/18/2020,2020/10/18,4105,-17.714,-0.286,12,-33.286,-7.857,-19.143
232,10/19/2020,2020/10/19,3373,-18.143,-0.571,12.143,-33.143,-8.714,-19.143
233,10/20/2020,2020/10/20,3602,-18.143,-0.571,12,-32.571,-9.286,-19
234,10/21/2020,2020/10/21,4267,-18.714,-1.143,11.857,-32.429,-10.286,-19.143
235,10/22/2020,2020/10/22,4432,-18.857,-1.286,11.286,-32.286,-10.429,-19.429
236,10/23/2020,2020/10/23,4369,-18.571,-1,10.571,-31.857,-10.571,-19.571
237,10/24/2020,2020/10/24,4070,-18.714,-1.286,10,-31.714,-10.857,-19.714
238,10/25/2020,2020/10/25,3732,-18.714,-1.286,9.429,-31.571,-11.286,-20.143
239,10/26/2020,2020/10/26,3222,-18.286,-1,8.714,-31.286,-11.143,-20.286
240,10/27/2020,2020/10/27,3520,-17.857,-0.143,8,-30.286,-11,-20.429
241,10/28/2020,2020/10/28,4029,-16.429,1.857,7.571,-28.286,-8.429,-22.571
242,10/29/2020,2020/10/29,3565,-15.286,2.571,8,-27.429,-3.143,-27.286
243,10/30/2020,2020/10/30,2897,-15,2.429,8.286,-27.714,-1,-30
244,10/31/2020,2020/10/31,3143,-15.714,1.143,8.429,-27.857,-1,-31
245,11/1/2020,2020/11/01,2696,-15.571,1.286,8.286,-26.571,-0.571,-31.286
246,11/2/2020,2020/11/02,2618,-15.286,1.714,8.143,-25.857,-0.714,-31.286
247,11/3/2020,2020/11/03,2973,-15.143,1.429,8.143,-26.286,-1.286,-31.286
248,11/4/2020,2020/11/04,3356,-15.714,0.286,8.143,-27.714,-3.571,-29.286
249,11/5/2020,2020/11/05,4065,-16.714,-0.571,7.571,-28.714,-9.571,-24.714
250,11/6/2020,2020/11/06,3778,-16.714,-0.286,7.143,-28.286,-11.571,-22.143
251,11/7/2020,2020/11/07,4262,-15.571,0.857,7,-28,-11.429,-21.429
252,11/8/2020,2020/11/08,3880,-15.429,0.714,7.143,-29,-11.429,-21.429
253,11/9/2020,2020/11/09,2853,-15.571,0.429,7.286,-29.571,-11.143,-21.571
254,11/10/2020,2020/11/10,3779,-15.714,0.143,7.429,-29.714,-10.714,-21.714
255,11/11/2020,2020/11/11,3770,-15.714,0.143,7.429,-29.714,-10.571,-21.714
256,11/12/2020,2020/11/12,4173,-15.429,0.286,7.429,-29.429,-9.857,-21.571
257,11/13/2020,2020/11/13,5444,-15.429,0,7.571,-29.286,-9.857,-21.429
258,11/14/2020,2020/11/14,5272,-15.571,-0.143,7.571,-29.286,-10.143,-21.286
259,11/15/2020,2020/11/15,3923,-15.571,-0.286,7.429,-29.286,-10.286,-21.286
260,11/16/2020,2020/11/16,3718,-15.571,-0.429,7.429,-29.286,-10.429,-21.143
261,11/17/2020,2020/11/17,3807,-15.714,-0.571,7.429,-29.571,-10.571,-21
262,11/18/2020,2020/11/18,3711,-16,-0.857,7.429,-29.714,-10.571,-21
263,11/19/2020,2020/11/19,9063,-16.429,-1.143,7.429,-29.857,-11.429,-21
264,11/20/2020,2020/11/20,4792,-16.571,-1.143,7.429,-30,-11.857,-21
265,11/21/2020,2020/11/21,4998,-16.714,-1.143,7.429,-30.143,-12.286,-21.143
266,11/22/2020,2020/11/22,4360,-17,-1.429,7.571,-30.429,-13.286,-21.286
267,11/23/2020,2020/11/23,4442,-17.429,-2.143,7.571,-30.714,-14.286,-21.429
268,11/24/2020,2020/11/24,4192,-17.714,-2.571,7.571,-30.857,-15.143,-21.571
269,11/25/2020,2020/11/25,5534,-17.714,-2.429,7.571,-30.714,-15.857,-21.571
270,11/26/2020,2020/11/26,4917,-17.286,-1.857,7.571,-30.286,-15.571,-21.429
271,11/27/2020,2020/11/27,5828,-17.286,-1.857,7.429,-30.143,-15.714,-21.429
272,11/28/2020,2020/11/28,5418,-17.286,-1.714,7.429,-29.857,-16.143,-21.286
273,11/29/2020,2020/11/29,6267,-17.286,-1.571,7.429,-29.571,-16.429,-21
274,11/30/2020,2020/11/30,4617,-16.571,-0.143,7.286,-29.143,-15.857,-20.857
275,12/1/2020,2020/12/01,5092,-15.857,1.429,7.143,-28.571,-15.429,-20.714
276,12/2/2020,2020/12/02,5533,-15.429,2.286,7,-28.429,-15.143,-20.571
277,12/3/2020,2020/12/03,8369,-15.286,2.571,7,-28.714,-15.143,-20.571
278,12/4/2020,2020/12/04,5803,-15,3.143,7,-28.714,-15.286,-20.571
279,12/5/2020,2020/12/05,6027,-15,3.286,7,-28.714,-15.429,-20.571
280,12/6/2020,2020/12/06,6089,-14.857,3.429,7.143,-29,-16,-20.857
281,12/7/2020,2020/12/07,5754,-15.143,3,7.286,-29.143,-16.286,-21.143
282,12/8/2020,2020/12/08,5292,-15,2.714,7.143,-29.143,-15.857,-21.143
283,12/9/2020,2020/12/09,6058,-15.143,1.857,8.286,-30.143,-14.714,-25.714
284,12/10/2020,2020/12/10,6033,-15.286,2,8.429,-29.571,-14.143,-25.429
285,12/11/2020,2020/12/11,6310,-15.429,1.857,9,-29.286,-13.571,-25.143
286,12/12/2020,2020/12/12,6388,-15.714,1.857,9.429,-29,-13.429,-24.857
287,12/13/2020,2020/12/13,6189,-15.714,2,9.714,-28.143,-12.286,-24
288,12/14/2020,2020/12/14,5489,-15.571,2.143,10.143,-27.571,-11.286,-23.429
289,12/15/2020,2020/12/15,6120,-15.857,1.857,10.857,-27.143,-11,-23.286
290,12/16/2020,2020/12/16,6725,-15.857,2.286,10.286,-25.571,-11.429,-18.571
291,12/17/2020,2020/12/17,7354,-16,1.857,10.571,-25.143,-11.571,-18.714
292,12/18/2020,2020/12/18,6689,-16,2,10.429,-24.714,-11.429,-18.714
293,12/19/2020,2020/12/19,7751,-15.429,2.571,10.286,-24.143,-10.429,-18.571
294,12/20/2020,2020/12/20,13830,-15,3.143,10.143,-23.714,-9.571,-18.571
295,12/21/2020,2020/12/21,6347,-14.429,3.571,10.143,-23.286,-8.429,-19
296,12/22/2020,2020/12/22,5838,-13.857,4,10,-22.714,-7.143,-19.286
297,12/23/2020,2020/12/23,7514,-13,5.143,9.714,-21.429,-5.571,-19.714
298,12/24/2020,2020/12/24,7199,-11.857,6.571,10,-20.571,-2.429,-22.571
299,12/25/2020,2020/12/25,7259,-11.857,6.143,11,-21.714,0.857,-27.714
300,12/26/2020,2020/12/26,6740,-12.429,5.429,11.286,-22.857,2.143,-29.571
301,12/27/2020,2020/12/27,6528,-12.857,4.857,11.286,-23.143,2.857,-29.714
302,12/28/2020,2020/12/28,5854,-13,5,11.429,-23.429,3.571,-30.286
303,12/29/2020,2020/12/29,7903,-13.571,4.571,11.714,-24.143,3.714,-31
304,12/30/2020,2020/12/30,8002,-14.143,4.143,12,-25,3.714,-31.714
305,12/31/2020,2020/12/31,8074,-14.143,5.571,11.857,-25.571,4.714,-32.143
306,1/1/2021,2021/01/01,8072,-15.429,4.571,12,-26.857,5.857,-33.429
307,1/2/2021,2021/01/02,7203,-15.571,5,12.143,-26.714,6.429,-34.429
308,1/3/2021,2021/01/03,6877,-16,4.857,12.286,-26.571,5.714,-34.857
309,1/4/2021,2021/01/04,6753,-16.429,4.714,12.143,-26.571,4.429,-34.143
310,1/5/2021,2021/01/05,7445,-16.857,4.714,12.143,-26.714,2.857,-33.286
311,1/6/2021,2021/01/06,8854,-17.286,4,12.286,-27.714,1.143,-32.286
312,1/7/2021,2021/01/07,9321,-18.571,1.286,12.286,-29,-3,-29.143
313,1/8/2021,2021/01/08,10617,-17.571,2.429,11.286,-27.714,-7.857,-23
314,1/9/2021,2021/01/09,10046,-17.857,1.429,11.143,-28.571,-11,-20.714
315,1/10/2021,2021/01/10,9640,-17.714,1.571,11.143,-29.714,-12.429,-20.571
316,1/11/2021,2021/01/11,8692,-18.143,0.571,11.143,-31,-13.714,-20.714
317,1/12/2021,2021/01/12,10047,-18.714,-0.714,11.143,-32.286,-14.857,-21.143
318,1/13/2021,2021/01/13,11278,-19.857,-2.429,10.857,-33.571,-16.429,-21.857
319,1/14/2021,2021/01/14,11557,-21.143,-4.714,10.571,-35.143,-18.429,-23.143
320,1/15/2021,2021/01/15,12818,-22.857,-7.286,10.286,-36.857,-20.429,-24.714
321,1/16/2021,2021/01/16,14224,-24.286,-9.429,10.143,-38.429,-22.429,-26.429
322,1/17/2021,2021/01/17,11287,-26,-12,10.143,-40.429,-24.429,-28.286
323,1/18/2021,2021/01/18,9086,-27.714,-14.429,10.286,-41.714,-26.714,-29.714
324,1/19/2021,2021/01/19,10365,-28.714,-15.857,10.143,-42.714,-28,-30.714
325,1/20/2021,2021/01/20,12568,-29.429,-16.857,10.286,-43.429,-28.857,-31.429
326,1/21/2021,2021/01/21,11703,-29.714,-17.286,10.571,-43.714,-29.143,-31.429
327,1/22/2021,2021/01/22,13632,-29.571,-17.143,10.857,-43.571,-29.143,-31.143
328,1/23/2021,2021/01/23,12191,-28.857,-16.286,10.857,-43.143,-28.286,-30.429
329,1/24/2021,2021/01/24,11788,-28.857,-16.429,11.143,-43.429,-28.571,-30
330,1/25/2021,2021/01/25,9994,-28.143,-15.429,11,-43,-27.714,-29.429
331,1/26/2021,2021/01/26,13094,-27.857,-15.143,11,-42.571,-27.571,-29
332,1/27/2021,2021/01/27,11948,-27.571,-14.714,11.143,-42.143,-27.714,-28.571
333,1/28/2021,2021/01/28,13695,-27.143,-13.857,11,-41.571,-27.571,-28.286
334,1/29/2021,2021/01/29,13802,-26.857,-13.143,10.857,-41,-27.571,-27.857
335,1/30/2021,2021/01/30,14518,-26.857,-12.429,10.571,-40.429,-28.143,-27.571
336,1/31/2021,2021/01/31,12001,-25.714,-10.286,9.857,-39,-27.571,-26.857
337,2/1/2021,2021/02/01,10994,-25.429,-9.286,9.429,-38.571,-28,-26.714
338,2/2/2021,2021/02/02,10379,-24.714,-7.714,8.857,-38,-27.857,-26.571
339,2/3/2021,2021/02/03,11984,-24.571,-7.286,8.286,-37.714,-28.143,-26.714
340,2/4/2021,2021/02/04,11434,-24.571,-7.143,7.857,-37.571,-28.571,-26.857
341,2/5/2021,2021/02/05,11749,-23.714,-6,7.429,-37.143,-28.143,-27
342,2/6/2021,2021/02/06,12156,-23.571,-6.286,7.429,-37,-28.143,-27.714
343,2/7/2021,2021/02/07,10827,-24.429,-7.857,7.571,-37.714,-29,-28.714
344,2/8/2021,2021/02/08,8242,-24.429,-8.286,7.571,-37.571,-29,-29
345,2/9/2021,2021/02/09,8700,-24.286,-8.429,7.571,-37.286,-28.857,-29.143
346,2/10/2021,2021/02/10,8776,-23.571,-7.571,7.429,-36.714,-28.143,-29
347,2/11/2021,2021/02/11,8435,-22.429,-6.286,7.143,-35.286,-26.714,-28.857
348,2/12/2021,2021/02/12,9869,-22.571,-6.857,8,-35.857,-24.857,-33.286
349,2/13/2021,2021/02/13,8844,-22.286,-6.429,7.857,-36.286,-23.429,-33.714
350,2/14/2021,2021/02/14,6765,-21.714,-5.429,7.714,-35.429,-22.143,-33.429
351,2/15/2021,2021/02/15,6462,-21.429,-5,7.571,-35.143,-21.571,-33.143
352,2/16/2021,2021/02/16,10029,-21.714,-5.286,7.571,-35.429,-21.429,-33
353,2/17/2021,2021/02/17,9687,-21.857,-5.429,7.571,-35.571,-21.571,-32.857
354,2/18/2021,2021/02/18,9039,-23,-6.714,7.857,-36.857,-22.857,-32.714
355,2/19/2021,2021/02/19,10614,-23.143,-6.429,7,-36.429,-24.857,-28
356,2/20/2021,2021/02/20,8054,-23.286,-6.286,7,-36.143,-25.714,-27.143
357,2/21/2021,2021/02/21,7300,-22.857,-5.714,6.857,-36.571,-25.429,-26.714
358,2/22/2021,2021/02/22,10180,-22.857,-5.714,6.857,-36.857,-25.429,-26.571
359,2/23/2021,2021/02/23,9775,-22.857,-5.857,6.857,-36.857,-25.714,-26.286
360,2/24/2021,2021/02/24,7533,-23,-6.143,6.857,-37.143,-25.714,-26
361,2/25/2021,2021/02/25,8493,-22.286,-5,6.714,-36.714,-25.143,-25.714
362,2/26/2021,2021/02/26,8232,-21.714,-4.143,6.571,-36.143,-24.714,-25.429
363,2/27/2021,2021/02/27,6208,-20.714,-2.714,6.286,-35.143,-24,-24.857
364,2/28/2021,2021/02/28,5560,-19.857,-1.429,6.143,-34,-23.286,-24.286
365,3/1/2021,2021/03/01,6680,-19.143,0,5.857,-33.429,-22.714,-24
366,3/2/2021,2021/03/02,5712,-18.429,1.286,5.714,-32.857,-22.286,-23.857
367,3/3/2021,2021/03/03,6808,-17.571,2.857,5.571,-32.143,-21.571,-23.857
368,3/4/2021,2021/03/04,7264,-17.286,3.143,5.429,-31.857,-21.286,-23.857
369,3/5/2021,2021/03/05,6971,-17,3.286,5.286,-31.714,-20.857,-23.857
370,3/6/2021,2021/03/06,5767,-17,3,5.286,-31.429,-20.714,-24
371,3/7/2021,2021/03/07,5826,-17.429,2.286,5.429,-31.571,-21,-24.571
372,3/8/2021,2021/03/08,6894,-17.714,1.571,5.571,-31.571,-21.286,-24.571
373,3/9/2021,2021/03/09,6389,-17.571,1.429,5.571,-31.429,-21,-24.571
374,3/10/2021,2021/03/10,5633,-17.286,1.571,5.429,-30.571,-20.286,-24.429
375,3/11/2021,2021/03/11,5144,-16.571,2,6.286,-30.571,-17,-29
376,3/12/2021,2021/03/12,6412,-16.714,1.857,6.429,-30.714,-16.571,-29.286
377,3/13/2021,2021/03/13,4607,-16.571,2,6.429,-30.857,-15.429,-29.429
378,3/14/2021,2021/03/14,4714,-16.571,1.857,6.429,-30.429,-14.571,-29.714
379,3/15/2021,2021/03/15,5589,-16.286,2.286,6.286,-30,-13.571,-29.714
380,3/16/2021,2021/03/16,5414,-16.429,2.143,6.286,-30,-13.429,-29.571
381,3/17/2021,2021/03/17,6825,-16.714,1.571,6.429,-30.714,-13.714,-29.286
382,3/18/2021,2021/03/18,6570,-17.429,1,5.571,-30.571,-16.857,-24.286
383,3/19/2021,2021/03/19,6279,-17.286,1.143,5.429,-30.143,-16.857,-23.714
384,3/20/2021,2021/03/20,5656,-17.143,1.286,5.429,-30,-17.143,-23.143
385,3/21/2021,2021/03/21,4396,-16.714,1.714,5.286,-30.286,-16.857,-22.429
386,3/22/2021,2021/03/22,5744,-16.857,1.429,5.429,-30.571,-17.286,-22.143
387,3/23/2021,2021/03/23,5297,-16.857,1.429,5.429,-30.571,-17.286,-22
388,3/24/2021,2021/03/24,5227,-16.857,1.429,5.429,-30.571,-17.286,-22
389,3/25/2021,2021/03/25,6107,-16.571,1.857,5.429,-30.286,-17,-22
390,3/26/2021,2021/03/26,4982,-16.143,2.429,5.429,-30,-16.714,-21.857
391,3/27/2021,2021/03/27,4461,-16.286,2.286,5.429,-29.857,-17,-21.857
392,3/28/2021,2021/03/28,4083,-16.143,2.857,5.429,-29.429,-17,-21.714
393,3/29/2021,2021/03/29,5008,-15.857,3.429,5.286,-29.143,-16.857,-21.714
394,3/30/2021,2021/03/30,4682,-15.714,3.714,5.286,-28.857,-17,-21.714
395,3/31/2021,2021/03/31,5937,-15.286,4.429,5.143,-28.143,-16.714,-21.714
396,4/1/2021,2021/04/01,6142,-14.429,6.143,4.857,-26.143,-15.857,-21.714
397,4/2/2021,2021/04/02,5325,-13.429,7.571,5.429,-25.286,-12.714,-26.571
398,4/3/2021,2021/04/03,4345,-12.714,8.571,5.286,-24.857,-10.857,-27.286
399,4/4/2021,2021/04/04,6731,-12.143,9.286,4.857,-23.143,-9.857,-27.429
400,4/5/2021,2021/04/05,3712,-11.429,10.286,4.714,-22,-9,-27.429
401,4/6/2021,2021/04/06,4549,-10.714,11.429,4.429,-21,-7.857,-27.286
402,4/7/2021,2021/04/07,4860,-10.286,12,4.286,-20.571,-7.286,-27.429
403,4/8/2021,2021/04/08,5504,-10.286,11.429,4.286,-21.429,-6.857,-27.286
404,4/9/2021,2021/04/09,5265,-10.429,10.857,3.429,-21.143,-9.143,-22.429
405,4/10/2021,2021/04/10,4723,-9.857,11.571,3.143,-19.714,-9.429,-21.571
406,4/11/2021,2021/04/11,4127,-9.286,12.286,3.143,-19.714,-9.143,-21.429
407,4/12/2021,2021/04/12,4829,-8.571,13.714,3.143,-19.286,-8,-22
408,4/13/2021,2021/04/13,5702,-11.143,12.143,4.286,-21.429,-10.571,-23.714
409,4/14/2021,2021/04/14,5656,-13.286,10.571,5.143,-23.143,-12.714,-24.571
410,4/15/2021,2021/04/15,6177,-15.143,9.143,5.857,-24.857,-14.714,-25
411,4/16/2021,2021/04/16,5363,-16.857,7.857,6.571,-26.714,-16.714,-25.143
412,4/17/2021,2021/04/17,4585,-19,5.714,7.714,-29.714,-20.143,-25.286
413,4/18/2021,2021/04/18,4952,-21.143,3.429,9,-32.714,-24.857,-25.143
414,4/19/2021,2021/04/19,5549,-23,0.714,9.571,-34.714,-27.571,-24.429
415,4/20/2021,2021/04/20,5720,-21.143,1.714,9,-33.857,-26.143,-22.714
416,4/21/2021,2021/04/21,6243,-19.714,2.714,8.714,-33.286,-25.143,-21.571
417,4/22/2021,2021/04/22,5436,-18.857,3.286,8.571,-33,-24.714,-21.143
418,4/23/2021,2021/04/23,4544,-18.286,3.571,8.571,-32.714,-24.429,-20.857
419,4/24/2021,2021/04/24,4402,-17.429,4.286,8.429,-32.143,-23.714,-20.571
420,4/25/2021,2021/04/25,5944,-16.571,5.143,8.286,-31.571,-23,-20.286
421,4/26/2021,2021/04/26,4656,-16,5.714,8.286,-31.286,-22.571,-20.143
422,4/27/2021,2021/04/27,5241,-15.571,5.857,8.286,-31,-22.429,-20
423,4/28/2021,2021/04/28,5833,-15.286,6.143,8.286,-30.714,-22.429,-20
424,4/29/2021,2021/04/29,5500,-14.286,7.286,8.286,-29.857,-22,-19.857
425,4/30/2021,2021/04/30,5202,-13.143,9.143,8,-28.571,-21.286,-19.714
426,5/1/2021,2021/05/01,4512,-11.571,11.429,8,-27,-20,-22.714
427,5/2/2021,2021/05/02,4394,-10.143,13.429,7.571,-25.571,-19.429,-22.571
428,5/3/2021,2021/05/03,4730,-8.429,16,7.143,-24.143,-18.143,-22.714
429,5/4/2021,2021/05/04,4369,-6.857,18.714,6.714,-22.286,-16.714,-22.857
430,5/5/2021,2021/05/05,5285,-5.143,21.286,6.286,-20.429,-15.143,-23.143
431,5/6/2021,2021/05/06,5647,-4.143,23,6.143,-21.286,-14,-23.571
432,5/7/2021,2021/05/07,6327,-3.286,24.143,6.143,-22.857,-13.143,-23.857
433,5/8/2021,2021/05/08,6130,-3,24.714,5.857,-24.714,-13.286,-21.143
434,5/9/2021,2021/05/09,3922,-2.286,25.714,5.857,-26.571,-12.714,-21
435,5/10/2021,2021/05/10,4891,-1.143,27.286,6.143,-28,-11.286,-22.143
436,5/11/2021,2021/05/11,5021,0.429,30.143,6.429,-29.286,-9.286,-23.857
437,5/12/2021,2021/05/12,4608,1.429,34.143,7.429,-31.429,-6.143,-29
438,5/13/2021,2021/05/13,3448,-0.143,31.571,7,-33.429,-1.714,-35.571
439,5/14/2021,2021/05/14,2633,-1,30.143,7.429,-34.714,4.571,-42.714
440,5/15/2021,2021/05/15,2385,-1.429,29.143,7.143,-35,10.857,-47.571
441,5/16/2021,2021/05/16,3080,-1.857,28.143,6.571,-34.857,15.857,-49.714
442,5/17/2021,2021/05/17,4295,-2.571,26.571,6.429,-35,18.714,-50.286
443,5/18/2021,2021/05/18,4185,-3.857,23.429,6.143,-33.714,20.429,-49.857
444,5/19/2021,2021/05/19,4871,-4.857,18.857,5.143,-31.857,20.429,-45.286
445,5/20/2021,2021/05/20,5797,-3.286,21,5.429,-28.571,19.143,-38.857
446,5/21/2021,2021/05/21,5746,-2.857,21.286,5,-25.714,14.857,-31.714
447,5/22/2021,2021/05/22,5296,-2.714,21.286,5.143,-23.286,11.429,-26.714
448,5/23/2021,2021/05/23,5280,-2.857,21.143,5.571,-20.857,10.429,-24.571
449,5/24/2021,2021/05/24,5907,-3.714,19.857,5.571,-19.429,7.857,-22.571
450,5/25/2021,2021/05/25,5060,-3.714,19.857,5.571,-19.143,6.571,-21
451,5/26/2021,2021/05/26,5034,-3,20,6.571,-19.143,9.286,-24.857
452,5/27/2021,2021/05/27,6278,-2.714,20,6.571,-18.571,8.143,-24
453,5/28/2021,2021/05/28,5862,-2.286,20.429,6.571,-18,7.571,-23.286
454,5/29/2021,2021/05/29,6565,-2.143,20.429,6.571,-17.571,6.857,-22.571
455,5/30/2021,2021/05/30,6115,-1.429,21.143,6.429,-17.143,7.286,-22.286
456,5/31/2021,2021/05/31,5662,0,22.714,6.286,-16.286,8.857,-22.286
457,6/1/2021,2021/06/01,4824,1.143,23.429,7.286,-16.429,12.571,-27.286
458,6/2/2021,2021/06/02,5246,1,24,6.286,-16.143,8.857,-22
459,6/3/2021,2021/06/03,5353,1.571,24.857,6.286,-16,9.286,-21.714
460,6/4/2021,2021/06/04,6486,1.857,25.286,6.143,-16,9.714,-21.571
461,6/5/2021,2021/06/05,6594,2.714,26.571,6,-15.714,10.714,-21.571
462,6/6/2021,2021/06/06,5832,2.714,26.571,6,-15.714,10.429,-21.714
463,6/7/2021,2021/06/07,6993,2.286,26.286,6,-16.143,9.571,-21.429
464,6/8/2021,2021/06/08,6294,1.429,25.571,5.143,-16.714,5.714,-16
465,6/9/2021,2021/06/09,7725,1.286,25.143,5.286,-17.143,5.714,-16
466,6/10/2021,2021/06/10,8892,1,24.571,5.286,-17.429,5.286,-16
467,6/11/2021,2021/06/11,8083,0.857,24.143,5.429,-17.714,4.857,-16
468,6/12/2021,2021/06/12,7465,0.429,23.429,5.571,-18.286,4.286,-15.857
469,6/13/2021,2021/06/13,9868,0.143,22.857,5.714,-18.857,4,-15.714
470,6/14/2021,2021/06/14,8189,-0.286,22.143,5.857,-19.143,3.429,-15.714
471,6/15/2021,2021/06/15,8161,-1,21.286,6,-19.429,2.429,-15.857
472,6/16/2021,2021/06/16,9944,-1.571,20.429,6.143,-19.857,1.429,-16.143
473,6/17/2021,2021/06/17,12624,-2.286,19.571,6.286,-20.429,0.714,-16.429
474,6/18/2021,2021/06/18,12990,-3.143,18.714,6.429,-21.143,0,-16.714
475,6/19/2021,2021/06/19,12906,-4.429,17.571,6.714,-22.429,-1.714,-17
476,6/20/2021,2021/06/20,13737,-5.857,16.286,7,-24,-3.714,-17.429
477,6/21/2021,2021/06/21,14536,-6.857,15.571,7.286,-25,-4.857,-18.143
478,6/22/2021,2021/06/22,13668,-7.429,15.429,7.429,-25.857,-5.286,-18.857
479,6/23/2021,2021/06/23,15308,-8.286,14.857,7.714,-26.857,-5.857,-19.429
480,6/24/2021,2021/06/24,20574,-9.286,14.143,8.143,-27.857,-6.857,-20.143
481,6/25/2021,2021/06/25,18872,-9.429,14.714,8.429,-28.714,-7.143,-20.857
482,6/26/2021,2021/06/26,21095,-9.714,15,8.571,-29.429,-7.429,-21.286
483,6/27/2021,2021/06/27,21342,-10,15.143,8.857,-30.286,-8,-21.286
484,6/28/2021,2021/06/28,20694,-10,15.571,9.143,-31,-8.286,-21.714
485,6/29/2021,2021/06/29,20467,-10.286,15.571,9.429,-31.857,-8.857,-22.143
486,6/30/2021,2021/06/30,21807,-10.571,16.286,9.429,-32.571,-9.429,-22.714
487,7/1/2021,2021/07/01,24836,-10,18,9.571,-33,-9.286,-23
488,7/2/2021,2021/07/02,25830,-10,18.857,9.857,-33.286,-9.571,-23.429
489,7/3/2021,2021/07/03,27913,-10.714,19,10.286,-34.571,-10.714,-24.143
490,7/4/2021,2021/07/04,27233,-11.714,19,10.714,-36,-12.571,-25
491,7/5/2021,2021/07/05,29745,-12.429,19.286,11.143,-37.286,-13.429,-25.571
492,7/6/2021,2021/07/06,31189,-13.143,19.571,11.571,-38.571,-14.286,-26.143
493,7/7/2021,2021/07/07,34379,-13.857,19.429,12.143,-39.857,-15,-26.714
494,7/8/2021,2021/07/08,38391,-15.429,18,12.571,-41.429,-16.429,-27.429
495,7/9/2021,2021/07/09,38124,-17.143,16.143,13,-43.429,-18.143,-28.143
496,7/10/2021,2021/07/10,35094,-18.143,15,13.286,-44.429,-19.429,-28.429
497,7/11/2021,2021/07/11,32615,-19,14.143,13.429,-45.143,-20.571,-28.571
498,7/12/2021,2021/07/12,34754,-19.857,13,13.571,-46,-21.429,-28.857
